{"cameraMode":{"drawMode":0,"name":"Shaded","section":"Shading Mode"},"sceneLighting":false,"audioPlay":false,"sceneViewState":{"m_AlwaysRefresh":false,"showFog":true,"showSkybox":false,"showFlares":true,"showImageEffects":true,"showParticleSystems":true,"showVisualEffectGraphs":true,"m_FxEnabled":true},"in2DMode":false,"pivot":{"x":0.37914055585861208,"y":0.26401349902153017,"z":0.8675916194915772},"rotation":{"x":0.00021595522412098944,"y":0.9997828006744385,"z":-0.014997890219092369,"w":0.01439625397324562},"size":0.48868194222450259,"orthographic":false}