{"cameraMode":{"drawMode":0,"name":"Shaded","section":"Shading Mode"},"sceneLighting":false,"audioPlay":false,"sceneViewState":{"m_AlwaysRefresh":false,"showFog":true,"showSkybox":false,"showFlares":true,"showImageEffects":true,"showParticleSystems":true,"showVisualEffectGraphs":true,"m_FxEnabled":true},"in2DMode":false,"pivot":{"x":-11.860259056091309,"y":1.4105737209320069,"z":1.4681816101074219},"rotation":{"x":-0.0004100237274542451,"y":0.9906110167503357,"z":-0.0029718668665736915,"w":-0.13667179644107819},"size":19.836950302124025,"orthographic":false}