{"cameraMode":{"drawMode":0,"name":"Shaded","section":"Shading Mode"},"sceneLighting":true,"audioPlay":false,"sceneViewState":{"m_AlwaysRefresh":false,"showFog":true,"showSkybox":true,"showFlares":true,"showImageEffects":true,"showParticleSystems":true,"showVisualEffectGraphs":true,"m_FxEnabled":true},"in2DMode":false,"pivot":{"x":21.900169372558595,"y":0.37882232666015627,"z":-103.30827331542969},"rotation":{"x":0.05818241834640503,"y":-0.7554659247398377,"z":0.0677172988653183,"w":0.6490775942802429},"size":21.777193069458009,"orthographic":true}