{"cameraMode":{"drawMode":0,"name":"Shaded","section":"Shading Mode"},"sceneLighting":false,"audioPlay":false,"sceneViewState":{"m_AlwaysRefresh":false,"showFog":true,"showSkybox":false,"showFlares":true,"showImageEffects":true,"showParticleSystems":true,"showVisualEffectGraphs":true,"m_FxEnabled":true},"in2DMode":false,"pivot":{"x":66.36604309082031,"y":18.550003051757814,"z":-149.0682830810547},"rotation":{"x":0.01740340329706669,"y":-0.9812532663345337,"z":0.10728111118078232,"w":0.15915638208389283},"size":24.237211227416993,"orthographic":true}